,user,retweeted,favorited,quoted,normal,id,timestamp
0,Crunchyroll,True,False,False,False,1012033066884202496,2018-06-27 18:01:00
1,KVR Audio,True,False,False,False,1012033328411750400,2018-06-27 18:02:02
2,Funimation,True,False,False,False,1012033434590629894,2018-06-27 18:02:28
3,sofia,True,False,False,False,1012033507483312128,2018-06-27 18:02:45
4,The Kansas City Star,True,False,False,False,1012033828049899527,2018-06-27 18:04:01
5,Plugin Deals,True,False,False,False,1012034587512524805,2018-06-27 18:07:03
6,Bandeauxx.,False,True,False,False,1012036615336792064,2018-06-27 18:15:06
7,Is this a REAPER Blog ?,False,True,False,False,1012036650799525888,2018-06-27 18:15:14
8,The Kansas City Star,True,False,False,False,1012037854531407879,2018-06-27 18:20:01
9,"Kansas City, MO",True,False,False,False,1012038942739312640,2018-06-27 18:24:21
10,Bandeauxx.,False,True,False,False,1012039016693288962,2018-06-27 18:24:39
11,The Kansas City Star,True,False,False,False,1012039868829126664,2018-06-27 18:28:02
12,Computer Music,False,True,False,False,1012040011905224705,2018-06-27 18:28:36
13,Crunchyroll,False,True,False,False,1012040117291061248,2018-06-27 18:29:01
14,The Kansas City Star,True,False,False,False,1012040374901190656,2018-06-27 18:30:02
15,Crunchyroll,True,False,False,False,1012040619135586313,2018-06-27 18:31:01
16,Bandeauxx.,False,True,True,False,1012040830394290176,2018-06-27 18:31:51
17,Calvin and Hobbes,True,False,False,False,1012040841592954880,2018-06-27 18:31:54
18,The Kansas City Star,True,False,False,False,1012040874677755905,2018-06-27 18:32:01
19,Bandeauxx.,False,True,False,False,1012041279319035906,2018-06-27 18:33:38
0,The Kansas City Star,True,False,False,False,1012041882241662976,2018-06-27 18:36:02
0,The Kansas City Star,False,True,False,False,1012042555440226305,2018-06-27 18:38:42
1,"Kansas City, MO",True,False,False,False,1012042794800746497,2018-06-27 18:39:39
0,ill-esha,True,False,False,False,1012043822916866050,2018-06-27 18:43:44
1,Premium Organic Blockchain Wyvern,True,False,False,False,1012044124797583360,2018-06-27 18:44:56
2,The Kansas City Star,False,True,True,False,1012044225289080832,2018-06-27 18:45:20
3,Bandeauxx.,False,True,False,False,1012044442952454144,2018-06-27 18:46:12
4,Crunchyroll,True,False,False,False,1012044909321207832,2018-06-27 18:48:03
0,sofia,True,False,False,False,1012068610498392064,2018-06-27 20:22:14
1,The Kansas City Star,True,False,False,False,1012069063894425600,2018-06-27 20:24:02
2,The Kansas City Star,False,True,False,False,1012069873361539073,2018-06-27 20:27:15
3,Anime News Network,True,False,False,False,1012070598049181696,2018-06-27 20:30:08
4,Anime News Network,True,False,False,False,1012070599622037504,2018-06-27 20:30:08
5,Anime News Network,True,False,False,False,1012070610661343232,2018-06-27 20:30:11
6,KCMO Public Library,True,False,False,False,1012070651430080517,2018-06-27 20:30:21
7,[adult swim],True,False,False,False,1012070661999792128,2018-06-27 20:30:23
8,Crunchyroll,True,False,False,False,1012070818266976259,2018-06-27 20:31:01
9,The Kansas City Star,True,False,False,False,1012071072781471747,2018-06-27 20:32:01
10,sofia,False,True,False,False,1012071677352599552,2018-06-27 20:34:25
11,Your EDM,True,False,False,False,1012071821988859904,2018-06-27 20:35:00
12,North Kansas City,False,True,False,False,1012072230677827586,2018-06-27 20:36:37
13,Crunchyroll,False,True,False,False,1012072362278187008,2018-06-27 20:37:09
14,The Kansas City Star,True,False,False,False,1012073089075761153,2018-06-27 20:40:02
15,Plugin Deals,True,False,False,False,1012073341182672896,2018-06-27 20:41:02
16,Plugin Deals,True,False,False,False,1012073590211178498,2018-06-27 20:42:01
17,The Kansas City Star,False,True,False,False,1012073904226095109,2018-06-27 20:43:16
18,Bandeauxx.,False,True,False,False,1012074405965463554,2018-06-27 20:45:16
0,The Kansas City Star,True,False,False,False,1012076106558705666,2018-06-27 20:52:01
1,Radiolab,True,False,False,False,1012076195406647296,2018-06-27 20:52:23
2,The Kansas City Star,False,True,False,False,1012076217233756161,2018-06-27 20:52:28
3,The Kansas City Star,True,False,False,False,1012076485790887936,2018-06-27 20:53:32
4,Bandeauxx.,False,True,False,False,1012077466108735489,2018-06-27 20:57:26
5,Anime News Network,True,False,False,False,1012077875388874757,2018-06-27 20:59:03
6,Anime News Network,True,False,False,False,1012077876835954690,2018-06-27 20:59:03
7,Bandeauxx.,False,True,False,False,1012078710818836481,2018-06-27 21:02:22
8,KVR Audio,True,False,False,False,1012079132174442496,2018-06-27 21:04:03
9,Crunchyroll,True,False,False,False,1012079867674779648,2018-06-27 21:06:58
10,The Kansas City Star,False,True,False,False,1012080513341894657,2018-06-27 21:09:32
11,The Kansas City Star,False,True,False,False,1012081187349770240,2018-06-27 21:12:13
12,The Kansas City Star,True,False,False,False,1012081773658943491,2018-06-27 21:14:33
0,The Kansas City Star,True,False,False,False,1012082148747235334,2018-06-27 21:16:02
1,The Kansas City Star,True,False,False,False,1012082652541804545,2018-06-27 21:18:02
0,Crunchyroll,False,True,False,False,1012085121367752704,2018-06-27 21:27:51
1,The Kansas City Star,False,True,False,False,1012085470841499648,2018-06-27 21:29:14
2,Kansas City Symphony,True,False,False,False,1012085737091665920,2018-06-27 21:30:18
3,KCMO Public Library,False,True,False,False,1012085790099365888,2018-06-27 21:30:30
4,Crunchyroll,True,False,False,False,1012085917916549121,2018-06-27 21:31:01
0,Your EDM,True,False,False,False,1012086921709932545,2018-06-27 21:35:00
1,Mega Man,False,True,False,False,1012087418193829888,2018-06-27 21:36:58
0,Plugin Deals,True,False,False,False,1012309900834336768,2018-06-28 12:21:02
1,Plugin Deals,True,False,False,False,1012310148033974274,2018-06-28 12:22:01
2,Mirüåπ,False,True,False,False,1012310494714220544,2018-06-28 12:23:24
3,The Kansas City Star,False,True,False,False,1012310873845784576,2018-06-28 12:24:54
4,KVR Audio,True,False,False,False,1012314190793596928,2018-06-28 12:38:05
5,KVR Audio,True,False,False,False,1012314444490313728,2018-06-28 12:39:06
6,KVR Audio,True,False,False,False,1012314696169517056,2018-06-28 12:40:06
7,Jazz FM,False,True,False,False,1012314748472496129,2018-06-28 12:40:18
8,Jazz FM,False,True,False,False,1012314781246808064,2018-06-28 12:40:26
9,Plugin Deals,True,False,False,False,1012314933747437569,2018-06-28 12:41:02
10,Plugin Deals,True,False,False,False,1012315181815300096,2018-06-28 12:42:01
11,The Kansas City Star,False,True,False,False,1012319240559452161,2018-06-28 12:58:09
12,The Kansas City Star,True,False,False,False,1012319716726198273,2018-06-28 13:00:03
13,MyAnimeList,True,False,False,False,1012320471382048770,2018-06-28 13:03:03
14,Anime News Network,True,False,False,False,1012321482318413825,2018-06-28 13:07:04
15,Anime News Network,True,False,False,False,1012321483757060096,2018-06-28 13:07:04
16,The Kansas City Star,True,False,False,False,1012323739621523457,2018-06-28 13:16:02
17,The Kansas City Star,False,True,False,False,1012324089594302464,2018-06-28 13:17:25
18,The Kansas City Star,True,False,False,False,1012324243147812865,2018-06-28 13:18:02
19,MyAnimeList,True,False,False,False,1012325814023553024,2018-06-28 13:24:16
0,The Kansas City Star,False,True,False,False,1012326764507553794,2018-06-28 13:28:03
1,KCMO Public Library,True,False,False,False,1012327380399030272,2018-06-28 13:30:30
2,MyAnimeList,True,False,True,False,1012327596514689025,2018-06-28 13:31:21
0,MyAnimeList,True,False,False,False,1012328592166944769,2018-06-28 13:35:19
1,MyAnimeList,True,False,False,False,1012329310869286912,2018-06-28 13:38:10
2,MyAnimeList,True,False,False,False,1012329998030553088,2018-06-28 13:40:54
3,MyAnimeList,True,False,False,False,1012330527079067649,2018-06-28 13:43:00
4,MyAnimeList,True,False,False,False,1012331441256988678,2018-06-28 13:46:38
5,Jazz FM,False,True,False,False,1012331565509160965,2018-06-28 13:47:08
6,Jazz FM,False,True,False,False,1012331737320448000,2018-06-28 13:47:49
7,darkmusictheory,False,True,False,False,1012332383893426178,2018-06-28 13:50:23
8,MyAnimeList,True,False,False,False,1012332521839661056,2018-06-28 13:50:56
9,darkmusictheory,False,True,False,False,1012332592887148545,2018-06-28 13:51:13
10,The Kansas City Star,True,False,False,False,1012332798001197056,2018-06-28 13:52:01
11,darkmusictheory,False,True,False,False,1012333137030983686,2018-06-28 13:53:22
12,The Kansas City Star,True,False,False,False,1012333243612454913,2018-06-28 13:53:48
13,The Kansas City Star,True,False,False,False,1012333301573578753,2018-06-28 13:54:01
14,MyAnimeList,True,False,False,False,1012333518632845312,2018-06-28 13:54:53
0,Anime News Network,True,False,False,False,1012334826760949761,2018-06-28 14:00:05
1,Anime News Network,True,False,False,False,1012334828052729856,2018-06-28 14:00:05
2,Anime News Network,True,False,False,False,1012335070902964224,2018-06-28 14:01:03
3,Anime News Network,True,False,False,False,1012335072182235136,2018-06-28 14:01:04
0,The Kansas City Star,False,True,False,False,1012339599551680512,2018-06-28 14:19:03
0,Crunchyroll,True,False,False,False,1012342614237044736,2018-06-28 14:31:02
1,Kansas City Police,False,True,False,False,1012342651461480449,2018-06-28 14:31:11
2,Anime News Network,True,False,False,False,1012343630420471808,2018-06-28 14:35:04
3,Anime News Network,True,False,False,False,1012343632349843456,2018-06-28 14:35:05
4,The Kansas City Star,True,False,False,False,1012344878917922817,2018-06-28 14:40:02
0,The Kansas City Star,False,True,False,False,1012347804952481792,2018-06-28 14:51:39
1,Plugin Deals,True,False,False,False,1012349854029418497,2018-06-28 14:59:48
2,The Kansas City Star,True,False,False,False,1012349916247621632,2018-06-28 15:00:03
0,Crunchyroll,True,False,False,False,1012350263150116864,2018-06-28 15:01:25
1,The Kansas City Star,True,False,False,False,1012350418020700160,2018-06-28 15:02:02
2,[adult swim],True,False,False,False,1012350420562448384,2018-06-28 15:02:03
3,The Kansas City Star,True,False,False,False,1012350917461643267,2018-06-28 15:04:01
4,Native Instruments,True,False,False,False,1012352710102921216,2018-06-28 15:11:09
5,darkmusictheory,True,False,True,False,1012352893117194240,2018-06-28 15:11:52
0,KCMO Public Library,False,True,False,False,1012354028527906824,2018-06-28 15:16:23
1,KVR Audio,True,False,False,False,1012354464701968384,2018-06-28 15:18:07
2,The Kansas City Star,True,False,False,False,1012355952694218752,2018-06-28 15:24:02
3,Kansas City Symphony,True,False,False,False,1012356230596218882,2018-06-28 15:25:08
4,Whataburger¬Æ,True,False,False,False,1012356328038248449,2018-06-28 15:25:31
5,The Kansas City Star,False,True,False,False,1012356649099714560,2018-06-28 15:26:48
6,KVR Audio,True,False,False,False,1012356725154992128,2018-06-28 15:27:06
7,The Kansas City Star,True,False,False,False,1012356956231741441,2018-06-28 15:28:01
8,Anime News Network,True,False,False,False,1012357215464849410,2018-06-28 15:29:03
9,Anime News Network,True,False,False,False,1012357217075548160,2018-06-28 15:29:03
0,Crunchyroll,True,False,False,False,1012357722824675330,2018-06-28 15:31:04
1,KVR Audio,True,False,False,False,1012358487874113537,2018-06-28 15:34:06
2,[adult swim],True,False,False,False,1012359703337295872,2018-06-28 15:38:56
3,The Kansas City Star,False,True,False,False,1012359779199737856,2018-06-28 15:39:14
4,The Kansas City Star,False,True,False,False,1012359912238800897,2018-06-28 15:39:46
5,The Kansas City Star,True,False,False,False,1012359980551372801,2018-06-28 15:40:02
6,MyAnimeList,True,False,False,False,1012360197329731584,2018-06-28 15:40:54
0,The Kansas City Star,False,True,False,False,1012361499048890368,2018-06-28 15:46:04
1,darkmusictheory,True,False,False,False,1012361809934897153,2018-06-28 15:47:18
2,Anime News Network,True,False,False,False,1012361999962050561,2018-06-28 15:48:04
3,Anime News Network,True,False,False,False,1012362005410435072,2018-06-28 15:48:05
4,MyAnimeList,True,False,True,False,1012362907043037184,2018-06-28 15:51:40
5,MyAnimeList,True,False,False,False,1012364684333219841,2018-06-28 15:58:44
6,Native Instruments,True,False,False,False,1012365065482366976,2018-06-28 16:00:15
7,Bandeauxx.,False,True,False,False,1012365077285163010,2018-06-28 16:00:17
8,The Kansas City Star,False,True,False,False,1012365129143504896,2018-06-28 16:00:30
9,Plugin Deals,True,False,False,False,1012365265047293952,2018-06-28 16:01:02
0,Plugin Deals,True,False,False,False,1012365513257902082,2018-06-28 16:02:01
1,MyAnimeList,True,False,False,False,1012365979026796546,2018-06-28 16:03:52
2,KCMO Public Library,True,False,False,False,1012366619211902976,2018-06-28 16:06:25
3,The Kansas City Star,False,True,False,False,1012366669434576897,2018-06-28 16:06:37
4,Spitfire Audio,True,False,False,False,1012367423452930048,2018-06-28 16:09:37
5,Anime News Network,True,False,False,False,1012367585302728704,2018-06-28 16:10:15
6,Anime News Network,True,False,False,False,1012367586720444421,2018-06-28 16:10:16
0,Plugin Deals,True,False,False,False,1012370297633189889,2018-06-28 16:21:02
1,Plugin Deals,True,False,False,False,1012370547907399680,2018-06-28 16:22:02
2,The Kansas City Star,True,False,False,False,1012371054080200704,2018-06-28 16:24:02
3,Mirüåπ,True,False,True,False,1012371106605486081,2018-06-28 16:24:15
4,The Kansas City Star,True,False,False,False,1012371552715923461,2018-06-28 16:26:01
5,The Kansas City Star,True,False,False,False,1012372060004409344,2018-06-28 16:28:02
0,Crunchyroll,True,False,False,False,1012372810918965248,2018-06-28 16:31:01
1,[adult swim],True,False,False,False,1012373553990324226,2018-06-28 16:33:58
2,Plugin Deals,True,False,False,False,1012374073765179393,2018-06-28 16:36:02
3,Calvin and Hobbes,True,False,False,False,1012374316628004870,2018-06-28 16:37:00
4,The Kansas City Star,False,True,False,False,1012374950915792896,2018-06-28 16:39:31
5,Plugin Deals,True,False,False,False,1012375330999369729,2018-06-28 16:41:02
6,Plugin Deals,False,True,False,False,1012375396879388673,2018-06-28 16:41:18
7,Plugin Deals,True,False,False,False,1012375584608006144,2018-06-28 16:42:03
8,Bandeauxx.,False,True,False,False,1012376363687391232,2018-06-28 16:45:08
0,Your EDM,True,False,False,False,1012376917876633600,2018-06-28 16:47:20
1,The Kansas City Star,True,False,False,False,1012377094423302145,2018-06-28 16:48:03
2,The Kansas City Star,False,True,False,False,1012377720104325120,2018-06-28 16:50:32
3,Plugin Deals,True,False,False,False,1012377848261369857,2018-06-28 16:51:02
4,sofia,True,False,False,False,1012377851683749888,2018-06-28 16:51:03
5,Plugin Deals,True,False,False,False,1012378095578435586,2018-06-28 16:52:01
6,Jon Hopkins,False,True,False,False,1012379191810166786,2018-06-28 16:56:23
7,Anime News Network,True,False,False,False,1012379867105591296,2018-06-28 16:59:04
8,Anime News Network,True,False,False,False,1012379868380659713,2018-06-28 16:59:04
9,"Kansas City, MO",False,True,False,False,1012380041156681728,2018-06-28 16:59:45
10,Anime News Network,True,False,False,False,1012380169095524352,2018-06-28 17:00:16
11,Anime News Network,True,False,False,False,1012380170274201601,2018-06-28 17:00:16
0,Crunchyroll,True,False,False,False,1012380459492397056,2018-06-28 17:01:25
1,Bandeauxx.,True,False,False,False,1012380513787629568,2018-06-28 17:01:38
2,The Kansas City Star,True,False,False,False,1012381116974723072,2018-06-28 17:04:02
3,Bandeauxx.,False,True,True,False,1012381501256855554,2018-06-28 17:05:33
4,Bandeauxx.,False,True,False,False,1012381651979075589,2018-06-28 17:06:09
5,KCMO Public Library,True,False,False,False,1012381827531669504,2018-06-28 17:06:51
6,Bandeauxx.,False,True,False,False,1012382083275198465,2018-06-28 17:07:52
7,"Kansas City, MO",True,False,False,False,1012383081221812224,2018-06-28 17:11:50
8,Bandeauxx.,False,True,False,False,1012383951544078337,2018-06-28 17:15:17
0,Computer Music,True,False,False,False,1012385279448055809,2018-06-28 17:20:34
1,Funimation,True,False,False,False,1012386394902155264,2018-06-28 17:25:00
2,The Kansas City Star,True,False,False,False,1012387159205138432,2018-06-28 17:28:02
0,Crunchyroll,True,False,False,False,1012387911638175744,2018-06-28 17:31:02
1,Mirüåπ,False,True,False,False,1012388451109539840,2018-06-28 17:33:10
2,The Kansas City Star,True,False,False,False,1012389388356120578,2018-06-28 17:36:54
3,Siraj Raval,False,True,False,False,1012389590907305984,2018-06-28 17:37:42
4,Bandeauxx.,False,True,False,False,1012389601686835201,2018-06-28 17:37:44
5,Crunchyroll,False,True,False,False,1012389893593370625,2018-06-28 17:38:54
6,Anime News Network,True,False,False,False,1012390254123380742,2018-06-28 17:40:20
7,Anime News Network,True,False,False,False,1012390255155142656,2018-06-28 17:40:20
8,Plugin Deals,True,False,False,False,1012390909403680770,2018-06-28 17:42:56
9,ill-esha,True,False,False,False,1012391088076750849,2018-06-28 17:43:39
10,Your EDM,True,False,False,False,1012391427760783360,2018-06-28 17:45:00
11,Anime News Network,True,False,False,False,1012391446064877569,2018-06-28 17:45:04
12,Anime News Network,True,False,False,False,1012391447876767744,2018-06-28 17:45:05
13,Anime News Network,True,False,False,False,1012391481301090304,2018-06-28 17:45:13
0,Crunchyroll,False,True,False,False,1012392087352799232,2018-06-28 17:47:37
1,The Kansas City Star,True,False,False,False,1012393197740359682,2018-06-28 17:52:02
2,Anime News Network,True,False,False,False,1012394968491724800,2018-06-28 17:59:04
3,Anime News Network,True,False,False,False,1012394969976492034,2018-06-28 17:59:04
4,Crunchyroll,True,False,False,False,1012395089518211072,2018-06-28 17:59:33
5,Calvin and Hobbes,True,False,False,False,1012395106551283712,2018-06-28 17:59:37
0,KCMO Public Library,False,True,False,False,1012395540204662784,2018-06-28 18:01:20
1,Native Instruments,True,False,False,False,1012395759642337281,2018-06-28 18:02:13
2,Crunchyroll,True,False,False,False,1012396159971688448,2018-06-28 18:03:48
3,"Kansas City, MO",True,False,True,False,1012396277395611648,2018-06-28 18:04:16
4,brasstracks,False,True,False,False,1012396762940596224,2018-06-28 18:06:12
5,Plugin Deals,True,False,False,False,1012396970793676800,2018-06-28 18:07:01
6,brasstracks,True,False,False,False,1012397118655381506,2018-06-28 18:07:37
7,Tim Schaufert,True,False,False,False,1012397284380856323,2018-06-28 18:08:16
8,Funimation,False,True,False,False,1012397706411741184,2018-06-28 18:09:57
9,Funimation,False,True,False,False,1012398952052854784,2018-06-28 18:14:54
10,Artist Intel. Agency,True,False,False,False,1012399248296611843,2018-06-28 18:16:04
0,The Kansas City Star,False,True,False,False,1012399720386396161,2018-06-28 18:17:57
1,The Kansas City Star,False,True,False,False,1012400050348183554,2018-06-28 18:19:16
2,The Kansas City Star,True,False,False,False,1012401253534625798,2018-06-28 18:24:03
3,brasstracks,True,False,True,False,1012402772505866240,2018-06-28 18:30:05
4,brasstracks,True,False,False,False,1012402980031610880,2018-06-28 18:30:54
0,Crunchyroll,True,False,False,False,1012403017377820677,2018-06-28 18:31:03
1,The Kansas City Star,True,False,False,False,1012403263642140673,2018-06-28 18:32:02
2,EDM.com,True,False,False,False,1012403347784167424,2018-06-28 18:32:22
3,"Kansas City, MO",True,False,False,False,1012404494255247361,2018-06-28 18:36:55
4,Kansas City Police,True,False,False,False,1012404683883925504,2018-06-28 18:37:40
5,The Kansas City Star,False,True,False,False,1012404773876895745,2018-06-28 18:38:02
6,Anime News Network,True,False,False,False,1012406541683699718,2018-06-28 18:45:03
7,Anime News Network,True,False,False,False,1012406543109840898,2018-06-28 18:45:04
0,Bandeauxx.,False,True,False,False,1012406950158532608,2018-06-28 18:46:41
1,"Kansas City, MO",True,False,False,False,1012408090891866112,2018-06-28 18:51:13
2,KCMO Public Library,True,False,True,False,1012408404323831810,2018-06-28 18:52:27
3,Crunchyroll,True,False,False,False,1012409331940118528,2018-06-28 18:56:09
4,The Kansas City Star,False,True,False,False,1012409630650241026,2018-06-28 18:57:20
5,Crunchyroll,True,False,False,False,1012409945549991936,2018-06-28 18:58:35
6,Anime News Network,True,False,False,False,1012410064206954497,2018-06-28 18:59:03
7,Anime News Network,True,False,False,False,1012410065570222080,2018-06-28 18:59:03
8,KCMO Public Library,True,False,False,False,1012410293807468545,2018-06-28 18:59:58
0,Crunchyroll,True,False,False,False,1012410561705869312,2018-06-28 19:01:02
1,Crunchyroll,True,False,False,False,1012410566244122624,2018-06-28 19:01:03
2,The Kansas City Star,True,False,False,False,1012411316030590977,2018-06-28 19:04:02
3,KCMO Public Library,True,False,False,False,1012411504036143115,2018-06-28 19:04:46
4,[adult swim],True,False,False,False,1012411751420350467,2018-06-28 19:05:45
5,Bandeauxx.,False,True,False,False,1012412363348283392,2018-06-28 19:08:11
6,Mirüåπ,False,True,False,False,1012413553045893120,2018-06-28 19:12:55
7,The Kansas City Star,True,False,False,False,1012414338802561025,2018-06-28 19:16:02
0,Bandeauxx.,False,True,False,False,1012415822650888192,2018-06-28 19:21:56
1,Calvin and Hobbes,True,False,False,False,1012415845895757824,2018-06-28 19:22:02
2,Your EDM,False,True,False,False,1012416399354949632,2018-06-28 19:24:14
3,Funimation,True,False,False,False,1012418098299850752,2018-06-28 19:30:59
4,Crunchyroll,True,False,False,False,1012418106856271874,2018-06-28 19:31:01
0,The Kansas City Star,True,False,False,False,1012418363719634949,2018-06-28 19:32:02
1,The Kansas City Star,True,False,False,False,1012419370222530561,2018-06-28 19:36:02
2,Anime News Network,True,False,False,False,1012419626498654209,2018-06-28 19:37:03
3,Anime News Network,True,False,False,False,1012419627966713858,2018-06-28 19:37:03
4,The Kansas City Star,False,True,False,False,1012420252024569856,2018-06-28 19:39:32
5,Anime News Network,True,False,False,False,1012421640129523712,2018-06-28 19:45:03
6,Anime News Network,True,False,False,False,1012421641475895299,2018-06-28 19:45:03
0,Artist Intel. Agency,True,False,False,False,1012421905498935298,2018-06-28 19:46:06
1,The Kansas City Star,False,True,False,False,1012422456617984000,2018-06-28 19:48:18
2,The Kansas City Star,False,True,False,False,1012422638642388993,2018-06-28 19:49:01
3,Anime News Network,True,False,False,False,1012425164674535424,2018-06-28 19:59:03
4,Anime News Network,True,False,False,False,1012425165903400960,2018-06-28 19:59:04
5,Mirüåπ,False,True,True,False,1012425354013741057,2018-06-28 19:59:49
6,The Kansas City Star,True,False,False,False,1012425474793000960,2018-06-28 20:00:17
7,Plugin Deals,True,False,False,False,1012425659438780416,2018-06-28 20:01:01
0,Plugin Deals,True,False,False,False,1012425912044937219,2018-06-28 20:02:02
1,"Kansas City, MO",True,False,False,False,1012426063501283328,2018-06-28 20:02:38
2,The Kansas City Star,True,False,False,False,1012426416447803392,2018-06-28 20:04:02
3,Funimation,True,False,False,False,1012426893126176769,2018-06-28 20:05:55
0,MyAnimeList,True,False,False,False,1012655111963721728,2018-06-29 11:12:47
1,Anime News Network,True,False,False,False,1012655688823296000,2018-06-29 11:15:05
2,Anime News Network,True,False,False,False,1012655690148704256,2018-06-29 11:15:05
3,MyAnimeList,True,False,True,False,1012656158664867840,2018-06-29 11:16:57
4,Jazz FM,False,True,False,False,1012658535560372224,2018-06-29 11:26:23
5,MyAnimeList,True,False,False,False,1012660927403978753,2018-06-29 11:35:54
6,KVR Audio,True,False,False,False,1012660975500132352,2018-06-29 11:36:05
7,Calvin and Hobbes,True,False,False,False,1012662214027825153,2018-06-29 11:41:00
8,Anime News Network,True,False,False,False,1012663231524065282,2018-06-29 11:45:03
9,Anime News Network,True,False,False,False,1012663233252089856,2018-06-29 11:45:03
10,MyAnimeList,True,False,False,False,1012666796904722432,2018-06-29 11:59:13
11,MyAnimeList,True,False,False,False,1012666798209105920,2018-06-29 11:59:13
12,Native Instruments,True,False,False,False,1012667010734542848,2018-06-29 12:00:04
13,KVR Audio,True,False,False,False,1012667017428684800,2018-06-29 12:00:06
14,Plugin Deals,True,False,False,False,1012667255673548800,2018-06-29 12:01:02
15,Plugin Deals,True,False,False,False,1012667503330381824,2018-06-29 12:02:01
16,The Kansas City Star,True,False,False,False,1012668007238250498,2018-06-29 12:04:02
17,Plugin Deals,True,False,False,False,1012669017461542913,2018-06-29 12:08:02
18,Anime News Network,True,False,False,False,1012670784156946432,2018-06-29 12:15:04
19,Anime News Network,True,False,False,False,1012670785339711488,2018-06-29 12:15:04
0,Plugin Deals,True,False,False,False,1012672288276217856,2018-06-29 12:21:02
1,Plugin Deals,True,False,False,False,1012672537820622854,2018-06-29 12:22:02
0,Plugin Deals,True,False,False,False,1012677320782630912,2018-06-29 12:41:02
1,Plugin Deals,True,False,False,False,1012677572461846529,2018-06-29 12:42:02
2,Anime News Network,True,False,False,False,1012678337880354821,2018-06-29 12:45:05
3,Anime News Network,True,False,False,False,1012678339562233858,2018-06-29 12:45:05
0,KVR Audio,True,False,False,False,1012679092490133506,2018-06-29 12:48:04
1,The Kansas City Star,False,True,False,False,1012679736718516224,2018-06-29 12:50:38
2,The Kansas City Star,False,True,False,False,1012680707116855296,2018-06-29 12:54:29
3,Anime News Network,True,False,True,False,1012682095565500416,2018-06-29 13:00:00
4,Anime News Network,True,False,True,False,1012682097977413632,2018-06-29 13:00:01
5,Kansas City Symphony,True,False,False,False,1012682302726516736,2018-06-29 13:00:50
0,The Kansas City Star,False,True,False,False,1012683088818819072,2018-06-29 13:03:57
1,The Kansas City Star,True,False,False,False,1012683106430734336,2018-06-29 13:04:01
2,The Kansas City Star,False,True,False,False,1012683559390339073,2018-06-29 13:05:49
3,Anime News Network,True,False,False,False,1012685882158145539,2018-06-29 13:15:03
4,Anime News Network,True,False,False,False,1012685884213350400,2018-06-29 13:15:04
0,KCMO Public Library,True,False,False,False,1012689726468448258,2018-06-29 13:30:20
0,Plugin Deals,True,False,False,False,1012693175285243904,2018-06-29 13:44:02
1,Anime News Network,True,False,False,False,1012693431741804544,2018-06-29 13:45:03
2,Anime News Network,True,False,False,False,1012693433172062208,2018-06-29 13:45:04
0,The Kansas City Star,False,True,False,False,1012694001370136576,2018-06-29 13:47:19
1,The Kansas City Star,False,True,False,False,1012694054092595201,2018-06-29 13:47:32
2,The Kansas City Star,True,False,False,False,1012695186714054656,2018-06-29 13:52:02
3,The Kansas City Star,True,False,False,False,1012696195800731648,2018-06-29 13:56:02
4,[adult swim],True,False,False,False,1012697208964042752,2018-06-29 14:00:04
5,[adult swim],True,False,False,False,1012697245777620992,2018-06-29 14:00:13
0,The Kansas City Star,True,False,False,False,1012698208852561921,2018-06-29 14:04:02
1,The Kansas City Star,True,False,False,False,1012699214512513024,2018-06-29 14:08:02
2,Crunchyroll,True,False,False,False,1012700853864620033,2018-06-29 14:14:33
3,Anime News Network,True,False,False,False,1012700979916103680,2018-06-29 14:15:03
4,Anime News Network,True,False,False,False,1012700981081960456,2018-06-29 14:15:03
0,KVR Audio,True,False,False,False,1012701995952508928,2018-06-29 14:19:05
1,The Kansas City Star,False,True,False,False,1012702090748035073,2018-06-29 14:19:28
2,Anime News Network,True,False,False,False,1012702993504874496,2018-06-29 14:23:03
3,Anime News Network,True,False,False,False,1012702995371315201,2018-06-29 14:23:03
4,Premium Organic Blockchain Wyvern,True,False,False,False,1012703391514968064,2018-06-29 14:24:38
5,The Kansas City Star,False,True,False,False,1012703399115042821,2018-06-29 14:24:40
6,The Kansas City Star,False,True,False,False,1012703550743330816,2018-06-29 14:25:16
0,Crunchyroll,True,False,False,False,1012705004887556097,2018-06-29 14:31:02
1,KCMO Public Library,False,True,False,False,1012708727693012992,2018-06-29 14:45:50
0,Anime News Network,True,False,False,False,1012709787031736320,2018-06-29 14:50:03
1,Anime News Network,True,False,False,False,1012709788185178113,2018-06-29 14:50:03
2,The Kansas City Star,True,False,False,False,1012710285914894336,2018-06-29 14:52:02
3,CASHFORGOLDüïØ,True,False,False,False,1012710493671383040,2018-06-29 14:52:51
4,The Kansas City Star,False,True,False,False,1012711188961071104,2018-06-29 14:55:37
5,Crunchyroll,True,False,False,False,1012712177801707521,2018-06-29 14:59:33
0,Crunchyroll,True,False,False,False,1012712566433476609,2018-06-29 15:01:05
1,CASHFORGOLDüïØ,True,False,False,False,1012713484864425984,2018-06-29 15:04:44
2,sofia,True,False,False,False,1012713649192951812,2018-06-29 15:05:23
3,EDM.com,True,False,False,False,1012714951604162560,2018-06-29 15:10:34
0,The Kansas City Star,True,False,False,False,1012717333641617408,2018-06-29 15:20:02
1,KVR Audio,True,False,False,False,1012717349005414400,2018-06-29 15:20:06
2,KVR Audio,True,False,False,False,1012717601926115328,2018-06-29 15:21:06
3,The Kansas City Star,True,False,False,False,1012718341394452480,2018-06-29 15:24:02
4,The Kansas City Star,True,False,False,False,1012719346643357696,2018-06-29 15:28:02
5,KCMO Public Library,True,False,False,False,1012719887930871809,2018-06-29 15:30:11
6,Bandeauxx.,False,True,False,False,1012719919883083776,2018-06-29 15:30:18
0,Crunchyroll,True,False,False,False,1012720097427902467,2018-06-29 15:31:01
1,The Kansas City Star,False,True,False,False,1012720169154641920,2018-06-29 15:31:18
2,The Kansas City Star,False,True,False,False,1012720700757561346,2018-06-29 15:33:25
3,Tim Schaufert,True,False,False,False,1012721204648607745,2018-06-29 15:35:25
4,The Kansas City Star,True,False,False,False,1012721433242456065,2018-06-29 15:36:19
5,The Kansas City Star,False,True,False,False,1012721939377508353,2018-06-29 15:38:20
6,The Kansas City Star,True,False,False,False,1012722364864499717,2018-06-29 15:40:01
7,The Kansas City Star,False,True,False,False,1012723271169658880,2018-06-29 15:43:37
0,The Kansas City Star,True,False,False,False,1012724383482249216,2018-06-29 15:48:03
1,Mega Man,True,False,False,False,1012724440633827328,2018-06-29 15:48:16
2,"Kansas City, MO",False,True,True,False,1012724787087540224,2018-06-29 15:49:39
3,Anime News Network,True,False,False,False,1012725138381594624,2018-06-29 15:51:03
4,Anime News Network,True,False,False,False,1012725139853672451,2018-06-29 15:51:03
5,"Kansas City, MO",True,False,False,False,1012725693493506050,2018-06-29 15:53:15
6,Bandeauxx.,False,True,False,False,1012725701097807872,2018-06-29 15:53:17
7,Anime News Network,True,False,False,False,1012727393788841986,2018-06-29 16:00:00
8,Anime News Network,True,False,False,False,1012727394308907008,2018-06-29 16:00:01
9,Anime News Network,True,False,False,False,1012727465909858304,2018-06-29 16:00:18
10,Anime News Network,True,False,False,False,1012727467105243144,2018-06-29 16:00:18
11,Plugin Deals,True,False,False,False,1012727650895433732,2018-06-29 16:01:02
0,Plugin Deals,True,False,False,False,1012727906626359297,2018-06-29 16:02:03
1,North Kansas City,False,True,False,False,1012728158972469249,2018-06-29 16:03:03
2,The Kansas City Star,True,False,False,False,1012728403877916673,2018-06-29 16:04:01
3,Calvin and Hobbes,True,False,False,False,1012729418970611712,2018-06-29 16:08:03
4,Crunchyroll,True,False,False,False,1012729530862039041,2018-06-29 16:08:30
5,KCMO Public Library,False,True,False,False,1012729637972176896,2018-06-29 16:08:55
6,Your EDM,False,True,False,False,1012729725129592832,2018-06-29 16:09:16
7,Kansas City Police,True,False,False,False,1012729814833356801,2018-06-29 16:09:38
8,The Kansas City Star,True,False,False,False,1012730422932004864,2018-06-29 16:12:03
9,The Kansas City Star,False,True,False,False,1012730708526321666,2018-06-29 16:13:11
10,Is this a REAPER Blog ?,True,False,False,False,1012730896645050368,2018-06-29 16:13:56
11,The Kansas City Star,True,False,False,False,1012730921685053440,2018-06-29 16:14:02
12,Crunchyroll,True,False,False,False,1012731077167681536,2018-06-29 16:14:39
13,Anime News Network,True,False,False,False,1012731177915076608,2018-06-29 16:15:03
14,Anime News Network,True,False,False,False,1012731179664117761,2018-06-29 16:15:03
15,"Kansas City, MO",True,False,False,False,1012731401026719745,2018-06-29 16:15:56
16,The Kansas City Star,True,False,False,False,1012731424921804800,2018-06-29 16:16:01
0,The Kansas City Star,False,True,False,False,1012731581272817664,2018-06-29 16:16:39
1,The Kansas City Star,False,True,True,False,1012731885745790976,2018-06-29 16:17:51
2,The Kansas City Star,True,False,False,False,1012731927806259200,2018-06-29 16:18:01
3,The Kansas City Star,False,True,False,False,1012732474705752065,2018-06-29 16:20:12
4,Plugin Deals,True,False,False,False,1012732683275964416,2018-06-29 16:21:02
5,Anime News Network,True,False,False,False,1012732731027959809,2018-06-29 16:21:13
6,The Kansas City Star,False,True,False,False,1012732809369280518,2018-06-29 16:21:32
7,Plugin Deals,True,False,False,False,1012732939933749248,2018-06-29 16:22:03
8,Calvin and Hobbes,True,False,False,False,1012733191180996608,2018-06-29 16:23:03
9,KVR Audio,True,False,False,False,1012733709345312768,2018-06-29 16:25:06
10,Bandeauxx.,False,True,False,False,1012734673972318209,2018-06-29 16:28:56
11,Anime News Network,True,False,False,False,1012735204358750209,2018-06-29 16:31:03
12,Anime News Network,True,False,False,False,1012735205826879489,2018-06-29 16:31:03
0,sofia,True,False,True,False,1012735243168518144,2018-06-29 16:31:12
1,Your EDM,True,False,False,False,1012735451302490117,2018-06-29 16:32:01
2,Funimation,True,False,False,False,1012736263835783170,2018-06-29 16:35:15
3,Plugin Deals,True,False,False,False,1012736461358157825,2018-06-29 16:36:02
4,The Kansas City Star,False,True,False,False,1012737014444281856,2018-06-29 16:38:14
5,The Kansas City Star,False,True,False,False,1012737389322817536,2018-06-29 16:39:44
6,Plugin Deals,True,False,False,False,1012737719343239168,2018-06-29 16:41:02
7,Plugin Deals,True,False,False,False,1012737971018194944,2018-06-29 16:42:02
8,MyAnimeList,True,False,False,False,1012738184734650368,2018-06-29 16:42:53
9,Bandeauxx.,False,True,False,False,1012738316918194176,2018-06-29 16:43:25
10,Bandeauxx.,False,True,False,False,1012738601866661889,2018-06-29 16:44:33
0,Bandeauxx.,False,True,False,False,1012739054302060544,2018-06-29 16:46:20
1,EDM.com,True,False,False,False,1012739321303130113,2018-06-29 16:47:24
2,Bandeauxx.,False,True,False,False,1012739974670835714,2018-06-29 16:50:00
3,Bandeauxx.,False,True,False,False,1012740051229466625,2018-06-29 16:50:18
4,Plugin Deals,True,False,False,False,1012740232226189312,2018-06-29 16:51:01
5,"Kansas City, MO",True,False,True,False,1012740479199383553,2018-06-29 16:52:00
6,Plugin Deals,True,False,False,False,1012740484568100864,2018-06-29 16:52:01
7,Bandeauxx.,False,True,False,False,1012741285181116416,2018-06-29 16:55:12
8,Crunchyroll,True,False,False,False,1012741748290801665,2018-06-29 16:57:03
9,Bandeauxx.,False,True,False,False,1012742165552918528,2018-06-29 16:58:42
10,Anime News Network,True,False,False,False,1012742516771377152,2018-06-29 17:00:06
11,Anime News Network,True,False,False,False,1012742518071578624,2018-06-29 17:00:06
0,Crunchyroll,True,False,False,False,1012743021358649344,2018-06-29 17:02:06
1,CASHFORGOLDüïØ,True,False,False,False,1012743031953424385,2018-06-29 17:02:09
2,Bandeauxx.,False,True,False,False,1012743374414196738,2018-06-29 17:03:30
3,The Kansas City Star,False,True,False,False,1012744202868936705,2018-06-29 17:06:48
4,Bandeauxx.,False,True,True,False,1012744631950376961,2018-06-29 17:08:30
5,The Kansas City Star,True,False,False,False,1012745519767150592,2018-06-29 17:12:02
0,ill-esha,True,False,True,False,1012747454679212034,2018-06-29 17:19:43
1,The Kansas City Star,True,False,False,False,1012747532315910144,2018-06-29 17:20:02
2,Kansas City Police,False,True,False,False,1012747855881297920,2018-06-29 17:21:19
3,Jazz FM,False,True,False,False,1012748930554220544,2018-06-29 17:25:35
4,The Kansas City Star,True,False,False,False,1012749546777120768,2018-06-29 17:28:02
5,Funimation,True,False,False,False,1012749726612164611,2018-06-29 17:28:45
6,KCMO Public Library,True,False,False,False,1012750083937460224,2018-06-29 17:30:10
7,Tim Schaufert,False,True,True,False,1012750095241138176,2018-06-29 17:30:13
8,Anime News Network,True,False,False,False,1012750305346359296,2018-06-29 17:31:03
9,Anime News Network,True,False,False,False,1012750306432770049,2018-06-29 17:31:03
0,WeRateDogs‚Ñ¢üè≥Ô∏è‚Äçüåà,True,False,False,False,1012750348660797440,2018-06-29 17:31:13
1,"Kansas City, MO",False,True,False,False,1012751055996837894,2018-06-29 17:34:02
2,Anime News Network,True,False,False,False,1012751311794733057,2018-06-29 17:35:03
3,Anime News Network,True,False,False,False,1012751313149493248,2018-06-29 17:35:03
4,The Kansas City Star,False,True,False,False,1012751390207369217,2018-06-29 17:35:22
5,The Kansas City Star,True,False,False,False,1012751560701603842,2018-06-29 17:36:02
6,Mirüåπ,False,True,False,False,1012751894027145221,2018-06-29 17:37:22
7,The Kansas City Star,False,True,False,False,1012752286240661504,2018-06-29 17:38:55
8,Crunchyroll,True,False,False,False,1012752751200165889,2018-06-29 17:40:46
9,Mega Man,False,True,False,False,1012752853083934722,2018-06-29 17:41:10
10,Crunchyroll,True,False,False,False,1012753151236059136,2018-06-29 17:42:21
11,Anime News Network,True,False,False,False,1012753827253161984,2018-06-29 17:45:03
12,Anime News Network,True,False,False,False,1012753828675051521,2018-06-29 17:45:03
13,Crunchyroll,False,True,False,False,1012753904579182592,2018-06-29 17:45:21
14,Crunchyroll,False,True,False,False,1012753949181394944,2018-06-29 17:45:32
0,Crunchyroll,False,True,False,False,1012754557342867456,2018-06-29 17:47:57
1,Crunchyroll,False,True,False,False,1012755176967438336,2018-06-29 17:50:24
2,"Kansas City, MO",True,False,False,False,1012757244138553345,2018-06-29 17:58:37
3,Anime News Network,True,False,False,False,1012757621391142912,2018-06-29 18:00:07
4,Anime News Network,True,False,False,False,1012757622842372096,2018-06-29 18:00:08
5,Native Instruments,True,False,False,False,1012757640546607104,2018-06-29 18:00:12
0,Kansas City Police,True,False,False,False,1012758342677204994,2018-06-29 18:02:59
1,The Kansas City Star,True,False,False,False,1012758604364042241,2018-06-29 18:04:02
2,Crunchyroll,True,False,False,False,1012758734672576512,2018-06-29 18:04:33
3,Plugin Deals,True,False,False,False,1012759358751559681,2018-06-29 18:07:01
4,The Kansas City Star,False,True,False,False,1012759996357140480,2018-06-29 18:09:33
5,CASHFORGOLDüïØ,True,False,False,False,1012761621226246145,2018-06-29 18:16:01
0,CASHFORGOLDüïØ,True,False,False,False,1012762950027939840,2018-06-29 18:21:18
1,The Kansas City Star,False,True,False,False,1012764839171719175,2018-06-29 18:28:48
0,The Kansas City Star,False,True,False,False,1012765688077914112,2018-06-29 18:32:10
1,Mega Man,False,True,False,False,1012766111035559936,2018-06-29 18:33:51
2,EDM.com,True,False,False,False,1012766206120660993,2018-06-29 18:34:14
3,Anime News Network,True,False,False,False,1012766411347976193,2018-06-29 18:35:03
4,Anime News Network,True,False,False,False,1012766412958523393,2018-06-29 18:35:03
5,VEVA Sound,True,False,True,False,1012766763522674689,2018-06-29 18:36:27
6,aoyoru,False,True,False,False,1012767043081375744,2018-06-29 18:37:34
7,Crunchyroll,True,False,False,False,1012767517914292224,2018-06-29 18:39:27
8,aoyoru,True,False,False,False,1012767758445146112,2018-06-29 18:40:24
9,aoyoru,True,False,False,False,1012768369748119552,2018-06-29 18:42:50
10,Your EDM,False,True,False,False,1012768698099101696,2018-06-29 18:44:08
0,KCMO Public Library,False,True,False,False,1012769475081449472,2018-06-29 18:47:13
0,Crunchyroll,True,False,False,False,1012772957117206529,2018-06-29 19:01:04
1,sofia,True,False,False,False,1012772979934031872,2018-06-29 19:01:09
2,Funimation,True,False,False,False,1012773306116829187,2018-06-29 19:02:27
3,The Kansas City Star,False,True,False,False,1012773312987062273,2018-06-29 19:02:28
4,Gater,False,True,False,False,1012773441865383936,2018-06-29 19:02:59
5,The Kansas City Star,True,False,False,False,1012773704693149700,2018-06-29 19:04:02
6,Anime News Network,True,False,False,False,1012773961254494211,2018-06-29 19:05:03
7,Anime News Network,True,False,False,False,1012773962726756352,2018-06-29 19:05:03
8,Jomo,True,False,False,False,1012774731722862592,2018-06-29 19:08:07
9,Crunchyroll,True,False,False,False,1012775486332628992,2018-06-29 19:11:07
10,Crunchyroll,True,False,False,False,1012776349637857280,2018-06-29 19:14:32
11,Anime News Network,True,False,False,False,1012776476498911232,2018-06-29 19:15:03
12,Anime News Network,True,False,False,False,1012776477987926018,2018-06-29 19:15:03
13,KCMO Public Library,True,False,False,False,1012776530966208512,2018-06-29 19:15:16
0,The Kansas City Star,True,False,False,False,1012779742750281728,2018-06-29 19:28:01
1,"Kansas City, MO",True,False,False,False,1012779935981867008,2018-06-29 19:28:47
2,Bandeauxx.,False,True,True,False,1012780187145199616,2018-06-29 19:29:47
3,[adult swim],False,True,False,False,1012780460789960704,2018-06-29 19:30:53
0,Crunchyroll,True,False,False,False,1012780494524645377,2018-06-29 19:31:01
1,The Kansas City Star,True,False,False,False,1012780752466010112,2018-06-29 19:32:02
2,sofia,True,False,False,False,1012780934179913729,2018-06-29 19:32:45
3,"Kansas City, MO",True,False,False,False,1012781179127451648,2018-06-29 19:33:44
4,Anime News Network,True,False,False,False,1012781510984982529,2018-06-29 19:35:03
5,Anime News Network,True,False,False,False,1012781512197136385,2018-06-29 19:35:03
6,Calvin and Hobbes,True,False,False,False,1012781753021411328,2018-06-29 19:36:01
7,The Kansas City Star,True,False,False,False,1012781759388442624,2018-06-29 19:36:02
8,Your EDM,True,False,False,False,1012783585747599361,2018-06-29 19:43:18
9,The Kansas City Star,True,False,False,False,1012783771521822727,2018-06-29 19:44:02
10,Bandeauxx.,False,True,False,False,1012783988828762114,2018-06-29 19:44:54
11,The Kansas City Star,False,True,False,False,1012784076703625217,2018-06-29 19:45:15
12,Bandeauxx.,False,True,True,False,1012784358485364742,2018-06-29 19:46:22
13,CASHFORGOLDüïØ,True,False,False,False,1012784516958695425,2018-06-29 19:47:00
0,The Kansas City Star,False,True,False,False,1012786316046630913,2018-06-29 19:54:09
1,brasstracks,True,False,False,False,1012787392611315712,2018-06-29 19:58:25
2,The Kansas City Star,True,False,False,False,1012787802331930624,2018-06-29 20:00:03
3,Crunchyroll,True,False,False,False,1012788042837487616,2018-06-29 20:01:00
4,Plugin Deals,True,False,False,False,1012788051284824064,2018-06-29 20:01:02
0,Plugin Deals,True,False,False,False,1012788299252092928,2018-06-29 20:02:01
1,Artist Intel. Agency,True,False,False,False,1012788340641488898,2018-06-29 20:02:11
2,Bandeauxx.,False,True,True,False,1012788946265362433,2018-06-29 20:04:36
3,The Kansas City Star,True,False,False,False,1012789809373380608,2018-06-29 20:08:01
4,Bandeauxx.,False,True,False,False,1012790108959989767,2018-06-29 20:09:13
5,The Kansas City Star,False,True,False,False,1012790413172854787,2018-06-29 20:10:25
6,Is this a REAPER Blog ?,True,False,False,False,1012791256924213248,2018-06-29 20:13:47
0,Plugin Deals,True,False,False,False,1012793083287736321,2018-06-29 20:21:02
1,Anime News Network,True,False,False,False,1012793086290923520,2018-06-29 20:21:03
2,Anime News Network,True,False,False,False,1012793087578525697,2018-06-29 20:21:03
3,The Kansas City Star,False,True,False,False,1012793323067670528,2018-06-29 20:21:59
4,Plugin Deals,True,False,False,False,1012793336753721344,2018-06-29 20:22:02
5,Kansas City Police,True,False,False,False,1012793928075051009,2018-06-29 20:24:23
6,Bandeauxx.,False,True,False,False,1012795031571386369,2018-06-29 20:28:47
0,Westport Kansas City,True,False,False,False,1012796012098879489,2018-06-29 20:32:40
1,Jomo,True,False,False,False,1012796142784937984,2018-06-29 20:33:11
2,Anime News Network,True,False,False,False,1012796357235691520,2018-06-29 20:34:03
3,Anime News Network,True,False,False,False,1012796358737227778,2018-06-29 20:34:03
4,Living Downtown KC,True,False,False,False,1012796474747387910,2018-06-29 20:34:31
5,"Kansas City, MO",True,False,False,False,1012796606532542466,2018-06-29 20:35:02
6,Anime News Network,True,False,False,False,1012796610387087362,2018-06-29 20:35:03
7,Anime News Network,True,False,False,False,1012796611985059840,2018-06-29 20:35:03
8,The Kansas City Star,True,False,False,False,1012796857314152448,2018-06-29 20:36:02
9,Kansas City Police,False,True,False,False,1012797053477576704,2018-06-29 20:36:49
10,Calvin and Hobbes,True,False,False,False,1012797594743930881,2018-06-29 20:38:58
11,Plugin Deals,True,False,False,False,1012798118423859201,2018-06-29 20:41:02
12,Plugin Deals,True,False,False,False,1012798366844112898,2018-06-29 20:42:02
13,Bandeauxx.,False,True,False,False,1012798458133139458,2018-06-29 20:42:23
14,Anime News Network,True,False,False,False,1012799125690167297,2018-06-29 20:45:03
15,Anime News Network,True,False,False,False,1012799127145639942,2018-06-29 20:45:03
16,KCMO Public Library,True,False,False,False,1012799142068973568,2018-06-29 20:45:07
17,Crunchyroll,False,True,False,False,1012799359732207616,2018-06-29 20:45:58
18,Crunchyroll,True,False,False,False,1012802685546856448,2018-06-29 20:59:11
19,The Kansas City Star,True,False,False,False,1012802903101313024,2018-06-29 21:00:03
0,KVR Audio,True,False,False,False,1013743861620006912,2018-07-02 11:19:05
1,KVR Audio,True,False,False,False,1013744112669986817,2018-07-02 11:20:05
2,KVR Audio,True,False,False,False,1013744367373254656,2018-07-02 11:21:06
3,KVR Audio,True,False,False,False,1013744869339213824,2018-07-02 11:23:05
4,KVR Audio,True,False,False,False,1013745875259150337,2018-07-02 11:27:05
5,KVR Audio,True,False,False,False,1013746878603767815,2018-07-02 11:31:05
6,KVR Audio,True,False,False,False,1013749145683857409,2018-07-02 11:40:05
7,KVR Audio,True,False,False,False,1013749903422566400,2018-07-02 11:43:06
8,KVR Audio,True,False,False,False,1013751915199463424,2018-07-02 11:51:05
9,Anime News Network,True,False,False,False,1013754169013006336,2018-07-02 12:00:03
10,Anime News Network,True,False,False,False,1013754171051401217,2018-07-02 12:00:03
11,Dayman,True,False,False,False,1013754282208890880,2018-07-02 12:00:30
12,Plugin Deals,True,False,False,False,1013754417013805057,2018-07-02 12:01:02
13,Plugin Deals,True,False,False,False,1013754671020769280,2018-07-02 12:02:02
14,Plugin Deals,True,False,False,False,1013759452795887616,2018-07-02 12:21:02
15,Plugin Deals,True,False,False,False,1013759701593489408,2018-07-02 12:22:02
16,The Kansas City Star,False,True,False,False,1013763107741630464,2018-07-02 12:35:34
17,Plugin Deals,True,False,False,False,1013764481959292929,2018-07-02 12:41:01
18,Plugin Deals,True,False,False,False,1013764733395226624,2018-07-02 12:42:01
19,The Kansas City Star,True,False,False,False,1013765237839888387,2018-07-02 12:44:02
0,The Kansas City Star,True,False,False,False,1013766246171586560,2018-07-02 12:48:02
1,Anime News Network,True,False,False,False,1013769269920792576,2018-07-02 13:00:03
2,Anime News Network,True,False,False,False,1013769271850209282,2018-07-02 13:00:03
0,The Kansas City Star,True,False,False,False,1013769760989949952,2018-07-02 13:02:00
1,Plugin Deals,True,False,False,False,1013770775944400896,2018-07-02 13:06:02
2,The Kansas City Star,True,False,False,False,1013771278824693767,2018-07-02 13:08:02
3,The Kansas City Star,True,False,False,False,1013773291314610176,2018-07-02 13:16:02
0,Mirüåπ,False,True,False,False,1013774546820829185,2018-07-02 13:21:01
1,KVR Audio,True,False,False,False,1013774819639296000,2018-07-02 13:22:06
2,Calvin and Hobbes,True,False,False,False,1013775911446110210,2018-07-02 13:26:26
3,Heroes of the Storm,True,False,False,False,1013776810348183552,2018-07-02 13:30:01
0,The Kansas City Star,False,True,False,False,1013780479663886342,2018-07-02 13:44:36
1,sofia,True,False,False,False,1013780521929719809,2018-07-02 13:44:46
2,The Kansas City Star,False,True,False,False,1013780796820393984,2018-07-02 13:45:51
0,KVR Audio,True,False,False,False,1013781612696399872,2018-07-02 13:49:06
1,Jazz FM,False,True,False,False,1013784328638291968,2018-07-02 13:59:53
2,Jazz FM,False,True,False,False,1013784367141933056,2018-07-02 14:00:02
3,Anime News Network,True,False,False,False,1013784371843747845,2018-07-02 14:00:04
4,Anime News Network,True,False,False,False,1013784372883927040,2018-07-02 14:00:04
5,Anime News Network,True,False,False,False,1013784373949358080,2018-07-02 14:00:04
6,Anime News Network,True,False,False,False,1013784375291469824,2018-07-02 14:00:04
7,Jazz FM,False,True,False,False,1013784395843555329,2018-07-02 14:00:09
8,[adult swim],True,False,False,False,1013784399480082432,2018-07-02 14:00:10
9,Jazz FM,False,True,False,False,1013784522566131712,2018-07-02 14:00:40
0,The Kansas City Star,True,False,False,False,1013784860476035072,2018-07-02 14:02:00
1,Radiolab,True,False,False,False,1013786378516205570,2018-07-02 14:08:02
2,The Kansas City Star,False,True,False,False,1013786537425817600,2018-07-02 14:08:40
3,KVR Audio,True,False,False,False,1013786902141571074,2018-07-02 14:10:07
4,Jazz FM,True,False,False,False,1013787241477533697,2018-07-02 14:11:28
5,KVR Audio,True,False,False,False,1013787401150443524,2018-07-02 14:12:06
0,sofia,True,False,False,False,1013789167589908480,2018-07-02 14:19:07
1,The Kansas City Star,False,True,False,False,1013789433836068865,2018-07-02 14:20:10
2,KVR Audio,True,False,False,False,1013789666095648774,2018-07-02 14:21:06
3,The Kansas City Star,True,False,False,False,1013791412238905346,2018-07-02 14:28:02
4,KVR Audio,True,False,False,False,1013791425719304192,2018-07-02 14:28:05
5,Crunchyroll,True,False,False,False,1013791789482774529,2018-07-02 14:29:32
6,Anime News Network,True,False,False,False,1013791917556068353,2018-07-02 14:30:03
7,Anime News Network,True,False,False,False,1013791919145717760,2018-07-02 14:30:03
8,Crunchyroll,True,False,False,False,1013792163140980736,2018-07-02 14:31:01
0,The Kansas City Star,False,True,False,False,1013792943935803392,2018-07-02 14:34:07
1,The Kansas City Star,True,False,False,False,1013793424909139973,2018-07-02 14:36:02
2,The Kansas City Star,True,False,False,False,1013795435708895232,2018-07-02 14:44:01
0,KCMO Public Library,True,False,False,False,1013798504823697413,2018-07-02 14:56:13
1,MyAnimeList,True,False,False,False,1013798913155923969,2018-07-02 14:57:51
2,The Kansas City Star,True,False,False,False,1013799466812526599,2018-07-02 15:00:03
3,Anime News Network,True,False,False,False,1013799473569550339,2018-07-02 15:00:04
4,Anime News Network,True,False,False,False,1013799474639069184,2018-07-02 15:00:04
5,[adult swim],True,False,False,False,1013799502866780160,2018-07-02 15:00:11
6,Tainmere,False,True,False,False,1013799723621404674,2018-07-02 15:01:04
0,Crunchyroll,True,False,False,False,1013799751760924673,2018-07-02 15:01:10
1,The Kansas City Star,True,False,False,False,1013799960373026816,2018-07-02 15:02:00
2,Plugin Deals,True,False,False,False,1013801225635147782,2018-07-02 15:07:02
3,The Kansas City Star,True,False,False,False,1013801478279049216,2018-07-02 15:08:02
4,The Kansas City Star,False,True,True,False,1013801887978676225,2018-07-02 15:09:40
5,Dayman,True,False,False,False,1013801957356695553,2018-07-02 15:09:56
0,The Kansas City Star,True,False,False,False,1013804499146821632,2018-07-02 15:20:02
1,The Kansas City Star,False,True,False,False,1013804755473354752,2018-07-02 15:21:03
2,MyAnimeList,True,False,False,False,1013804851497766918,2018-07-02 15:21:26
3,The Kansas City Star,True,False,False,False,1013805062420946945,2018-07-02 15:22:17
4,Whataburger¬Æ,True,False,False,False,1013805744452460544,2018-07-02 15:24:59
5,Tim Schaufert,False,True,False,False,1013806936234569728,2018-07-02 15:29:43
0,KCMO Public Library,False,True,False,False,1013839256513589248,2018-07-02 17:38:09
1,Anime News Network,True,False,False,False,1013839732764233729,2018-07-02 17:40:03
2,Anime News Network,True,False,False,False,1013839734299389952,2018-07-02 17:40:03
3,Crunchyroll,True,False,False,False,1013840869965721600,2018-07-02 17:44:34
4,Anime News Network,True,False,False,False,1013840990778609664,2018-07-02 17:45:03
5,Anime News Network,True,False,False,False,1013840992322060288,2018-07-02 17:45:03
6,sofia,True,False,False,False,1013842025211297800,2018-07-02 17:49:09
7,Your EDM,False,True,False,False,1013842979205730304,2018-07-02 17:52:57
8,Your EDM,True,False,False,False,1013843492215316480,2018-07-02 17:54:59
9,Native Instruments,True,False,False,False,1013844925971038208,2018-07-02 18:00:41
10,Crunchyroll,True,False,False,False,1013845007323881473,2018-07-02 18:01:00
11,The Kansas City Star,True,False,False,False,1013845257950302209,2018-07-02 18:02:00
12,Plugin Deals,True,False,False,False,1013846523241787392,2018-07-02 18:07:02
13,Bandeauxx.,False,True,False,False,1013846866432323584,2018-07-02 18:08:23
14,Discord,True,False,False,False,1013847806505730048,2018-07-02 18:12:08
15,The Kansas City Star,True,False,False,False,1013848788862164993,2018-07-02 18:16:02
16,The Kansas City Star,True,False,False,False,1013848918860460033,2018-07-02 18:16:33
17,The Kansas City Star,True,False,False,False,1013849794622697472,2018-07-02 18:20:02
18,The Kansas City Star,True,False,False,False,1013850299700793346,2018-07-02 18:22:02
0,Crunchyroll,True,False,False,False,1013852607729848322,2018-07-02 18:31:12
1,Crunchyroll,False,True,False,False,1013853016644960256,2018-07-02 18:32:50
2,The Kansas City Star,False,True,False,False,1013853328369995776,2018-07-02 18:34:04
3,The Kansas City Star,False,True,False,False,1013853352701124609,2018-07-02 18:34:10
4,The Kansas City Star,True,False,False,False,1013853822802890752,2018-07-02 18:36:02
5,Plugin Deals,True,False,False,False,1013853822815494144,2018-07-02 18:36:02
6,Bandeauxx.,False,True,False,False,1013854110179823617,2018-07-02 18:37:11
7,Bandeauxx.,False,True,True,False,1013854539752067072,2018-07-02 18:38:53
8,The Kansas City Star,True,False,False,False,1013854828466929664,2018-07-02 18:40:02
9,KCMO Public Library,False,True,False,False,1013854983752683521,2018-07-02 18:40:39
10,Sonic the Hedgehog,True,False,False,False,1013855095853703169,2018-07-02 18:41:06
11,Crunchyroll,True,False,False,False,1013855134680428544,2018-07-02 18:41:15
12,Crunchyroll,False,True,False,False,1013855348040425472,2018-07-02 18:42:06
13,Crunchyroll,False,True,False,False,1013855547060154368,2018-07-02 18:42:53
14,KVR Audio,True,False,False,False,1013855924098883584,2018-07-02 18:44:23
15,Anime News Network,True,False,False,False,1013856090570846208,2018-07-02 18:45:03
16,Anime News Network,True,False,False,False,1013856091841662978,2018-07-02 18:45:03
0,The Kansas City Star,False,True,False,False,1013859013203759105,2018-07-02 18:56:39
1,Crunchyroll,True,False,False,False,1013859741154414592,2018-07-02 18:59:33
2,Anime News Network,True,False,False,False,1013859871370948610,2018-07-02 19:00:04
3,Anime News Network,True,False,False,False,1013859872650203137,2018-07-02 19:00:04
0,Crunchyroll,True,False,False,False,1013860124920832007,2018-07-02 19:01:05
1,The Kansas City Star,True,False,False,False,1013860357478199304,2018-07-02 19:02:00
2,The Kansas City Star,True,False,False,False,1013860868608659456,2018-07-02 19:04:02
3,Crunchyroll,False,True,False,False,1013861737618030593,2018-07-02 19:07:29
0,The Kansas City Star,False,True,False,False,1013865495622225921,2018-07-02 19:22:25
1,The Kansas City Star,True,False,False,False,1013866907450081285,2018-07-02 19:28:02
2,Crunchyroll,True,False,False,False,1013867659040092163,2018-07-02 19:31:01
0,KCMO Public Library,True,False,False,False,1013869314267590657,2018-07-02 19:37:35
1,Calvin and Hobbes,True,False,False,False,1013869669688758275,2018-07-02 19:39:00
2,Funimation,False,True,False,False,1013870478308626432,2018-07-02 19:42:13
3,The Kansas City Star,True,False,False,False,1013870934002892800,2018-07-02 19:44:02
4,sofia,True,False,False,False,1013871035219894274,2018-07-02 19:44:26
5,The Kansas City Star,False,True,True,False,1013871187229896704,2018-07-02 19:45:02
6,Anime News Network,True,False,False,False,1013871190270730248,2018-07-02 19:45:03
7,Anime News Network,True,False,False,False,1013871191810019335,2018-07-02 19:45:03
0,Bandeauxx.,False,True,False,False,1013873345337659393,2018-07-02 19:53:37
1,Native Instruments,True,False,False,False,1013874995095916547,2018-07-02 20:00:10
2,Plugin Deals,True,False,False,False,1013875213820485639,2018-07-02 20:01:02
0,Crunchyroll,True,False,False,False,1013875247072858113,2018-07-02 20:01:10
1,Mirüåπ,True,False,True,False,1013875372423827457,2018-07-02 20:01:40
2,Gater,False,True,False,False,1013875427729911808,2018-07-02 20:01:53
3,The Kansas City Star,True,False,False,False,1013875456532144128,2018-07-02 20:02:00
4,Plugin Deals,True,False,False,False,1013875463725420546,2018-07-02 20:02:02
5,Mirüåπ,False,True,True,False,1013875693585948672,2018-07-02 20:02:56
6,Mirüåπ,False,True,True,False,1013875826444652545,2018-07-02 20:03:28
7,KVR Audio,True,False,False,False,1013876113687314432,2018-07-02 20:04:37
8,Mirüåπ,False,True,True,False,1013876729365004288,2018-07-02 20:07:03
9,Anime News Network,True,False,False,False,1013877481219219458,2018-07-02 20:10:03
10,Anime News Network,True,False,False,False,1013877483001864192,2018-07-02 20:10:03
11,The Kansas City Star,True,False,False,False,1013877981872361474,2018-07-02 20:12:02
0,North Kansas City,True,False,False,False,1013879099801178119,2018-07-02 20:16:29
1,Plugin Deals,True,False,False,False,1013880247958241286,2018-07-02 20:21:02
2,Plugin Deals,True,False,False,False,1013880494990286848,2018-07-02 20:22:01
3,The Kansas City Star,True,False,False,False,1013881002874343426,2018-07-02 20:24:02
4,The Kansas City Star,True,False,False,False,1013882007867346950,2018-07-02 20:28:02
5,"Kansas City, MO",True,False,False,False,1013882711612719104,2018-07-02 20:30:50
6,Crunchyroll,True,False,False,False,1013882760308690946,2018-07-02 20:31:01
0,The Kansas City Star,True,False,False,False,1013883013111873538,2018-07-02 20:32:02
1,MyAnimeList,True,False,False,False,1013883246554288128,2018-07-02 20:32:57
2,MyAnimeList,True,False,False,False,1013883249687490563,2018-07-02 20:32:58
3,Living Downtown KC,False,True,True,False,1013883343535042560,2018-07-02 20:33:20
4,Plugin Deals,True,False,False,False,1013885284105244674,2018-07-02 20:41:03
5,Plugin Deals,True,False,False,False,1013885529883111424,2018-07-02 20:42:02
6,KVR Audio,True,False,False,False,1013885655288442880,2018-07-02 20:42:31
7,Funimation,True,False,False,False,1013885748473421825,2018-07-02 20:42:54
8,Mirüåπ,False,True,False,False,1013886454785855490,2018-07-02 20:45:42
0,Your EDM,True,False,False,False,1013887209458429952,2018-07-02 20:48:42
1,Kansas City Police,False,True,False,False,1013888483763609600,2018-07-02 20:53:46
2,The Kansas City Star,True,False,False,False,1013889055363395584,2018-07-02 20:56:02
3,Tim Schaufert,True,False,False,False,1013889295864745984,2018-07-02 20:56:59
4,Anime News Network,True,False,False,False,1013890070632452096,2018-07-02 21:00:04
5,Anime News Network,True,False,False,False,1013890071794278400,2018-07-02 21:00:04
6,KCMO Public Library,True,False,False,False,1013890212601180160,2018-07-02 21:00:38
0,Crunchyroll,True,False,False,False,1013890334215016448,2018-07-02 21:01:07
1,[adult swim],False,True,False,False,1013890487797932032,2018-07-02 21:01:44
2,The Kansas City Star,True,False,False,False,1013890556022292480,2018-07-02 21:02:00
3,Bandeauxx.,False,True,False,False,1013892262441443328,2018-07-02 21:08:47
0,Anime News Network,True,False,False,False,1016275789535379456,2018-07-09 11:00:04
1,The Kansas City Star,False,True,False,False,1016281875386683393,2018-07-09 11:24:15
2,KVR Audio,True,False,False,False,1016289893557907456,2018-07-09 11:56:07
3,Anime News Network,True,False,False,False,1016290887578603520,2018-07-09 12:00:04
4,Anime News Network,True,False,False,False,1016290888711069696,2018-07-09 12:00:04
5,Plugin Deals,True,False,False,False,1016291133046034434,2018-07-09 12:01:02
6,Plugin Deals,True,False,False,False,1016291386130358272,2018-07-09 12:02:02
7,Jazz FM,True,False,False,False,1016293074413195264,2018-07-09 12:08:45
8,MyAnimeList,True,False,False,False,1016294120858382337,2018-07-09 12:12:54
9,Plugin Deals,True,False,False,False,1016296163299950594,2018-07-09 12:21:01
10,Plugin Deals,True,False,False,False,1016296414475890688,2018-07-09 12:22:01
11,MyAnimeList,True,False,False,False,1016297281576812544,2018-07-09 12:25:28
12,MyAnimeList,True,False,True,False,1016298218080989185,2018-07-09 12:29:11
13,Profound Music Theory Bot,True,False,False,False,1016299250391666688,2018-07-09 12:33:17
14,Plugin Deals,True,False,False,False,1016301199719616513,2018-07-09 12:41:02
15,Plugin Deals,True,False,False,False,1016301452514471936,2018-07-09 12:42:02
16,Jazz FM,False,True,False,False,1016303118504452096,2018-07-09 12:48:40
17,The Kansas City Star,True,False,False,False,1016303463934853120,2018-07-09 12:50:02
18,KVR Audio,True,False,False,False,1016303467026108416,2018-07-09 12:50:03
19,The Kansas City Star,False,True,False,False,1016304011522265089,2018-07-09 12:52:13
0,Calvin and Hobbes,True,False,False,False,1016305048543027200,2018-07-09 12:56:20
1,The Kansas City Star,True,False,False,False,1016306223954714626,2018-07-09 13:01:00
0,The Kansas City Star,True,False,False,False,1016306552800768000,2018-07-09 13:02:18
1,The Kansas City Star,False,True,False,False,1016306626603700224,2018-07-09 13:02:36
2,Plugin Deals,True,False,False,False,1016307487555883008,2018-07-09 13:06:01
3,KVR Audio,True,False,False,False,1016307808835461122,2018-07-09 13:07:18
0,MyAnimeList,True,False,True,False,1016310120458809347,2018-07-09 13:16:29
1,The Kansas City Star,True,False,False,False,1016312855203926018,2018-07-09 13:27:21
2,The Kansas City Star,False,True,False,False,1016312968525565958,2018-07-09 13:27:48
3,KCMO Public Library,True,False,False,False,1016313610174377985,2018-07-09 13:30:21
0,Anime News Network,True,False,False,False,1016317309126959105,2018-07-09 13:45:03
1,Anime News Network,True,False,False,False,1016317312197066752,2018-07-09 13:45:04
2,The Kansas City Star,True,False,False,False,1016318284076081154,2018-07-09 13:48:55
3,Kansas City Police,False,True,False,False,1016320054735011840,2018-07-09 13:55:58
4,[adult swim],True,False,False,False,1016321088358375424,2018-07-09 14:00:04
5,Anime News Network,True,False,False,False,1016321089763446785,2018-07-09 14:00:04
6,Anime News Network,True,False,False,False,1016321090908508160,2018-07-09 14:00:05
7,Anime News Network,True,False,False,False,1016321334551502849,2018-07-09 14:01:03
8,Anime News Network,True,False,False,False,1016321336577351680,2018-07-09 14:01:03
9,The Kansas City Star,True,False,False,False,1016321574901694465,2018-07-09 14:02:00
10,The Kansas City Star,False,True,False,False,1016321864828882944,2018-07-09 14:03:09
11,KCMO Public Library,False,True,False,False,1016322562563993601,2018-07-09 14:05:55
12,MyAnimeList,True,False,False,False,1016323074784923648,2018-07-09 14:07:58
13,The Kansas City Star,False,True,False,False,1016325073031122945,2018-07-09 14:15:54
14,MyAnimeList,True,False,False,False,1016326218466111488,2018-07-09 14:20:27
15,CASHFORGOLDüïØ,True,False,False,False,1016326430014177282,2018-07-09 14:21:18
16,Tainmere,True,False,False,False,1016326771774558209,2018-07-09 14:22:39
17,The Kansas City Star,True,False,False,False,1016327513868513284,2018-07-09 14:25:36
18,Crunchyroll @ Anime Expo 2018!!!!!!!!,True,False,False,False,1016328502679781377,2018-07-09 14:29:32
19,KVR Audio,True,False,False,False,1016328815201718272,2018-07-09 14:30:46
0,The Kansas City Star,False,True,False,False,1016330306641637376,2018-07-09 14:36:42
1,Jazz FM,True,False,False,False,1016330330658213894,2018-07-09 14:36:47
2,The Kansas City Star,False,True,False,False,1016330852425494530,2018-07-09 14:38:52
3,CASHFORGOLDüïØ,True,False,False,False,1016330922466205696,2018-07-09 14:39:09
4,Anime News Network,True,False,False,False,1016332408222834688,2018-07-09 14:45:03
5,Anime News Network,True,False,False,False,1016332409602748417,2018-07-09 14:45:03
0,The Kansas City Star,False,True,False,False,1016332721642262528,2018-07-09 14:46:18
1,The Kansas City Star,False,True,False,False,1016332734577463297,2018-07-09 14:46:21
2,The Kansas City Star,False,True,False,False,1016332866358308864,2018-07-09 14:46:52
3,The Kansas City Star,False,True,False,False,1016332952194748418,2018-07-09 14:47:13
4,The Kansas City Star,False,True,False,False,1016334053216223238,2018-07-09 14:51:35
5,The Kansas City Star,False,True,False,False,1016335924018470912,2018-07-09 14:59:01
6,Anime News Network,True,False,False,False,1016336185990447104,2018-07-09 15:00:04
7,Anime News Network,True,False,False,False,1016336187148177409,2018-07-09 15:00:04
8,Anime News Network,True,False,False,False,1016336435388080128,2018-07-09 15:01:03
0,The Kansas City Star,False,True,False,False,1016336978604937216,2018-07-09 15:03:12
1,Plugin Deals,True,False,False,False,1016337146771378177,2018-07-09 15:03:53
2,The Kansas City Star,True,False,False,False,1016337865008205825,2018-07-09 15:06:44
3,Plugin Deals,True,False,False,False,1016337942292455426,2018-07-09 15:07:02
4,"Kansas City, MO",True,False,False,False,1016338228490702849,2018-07-09 15:08:10
5,"Kansas City, MO",True,False,False,False,1016338417020489729,2018-07-09 15:08:55
6,The Kansas City Star,False,True,False,False,1016338861700648960,2018-07-09 15:10:41
7,"Kansas City, MO",False,True,False,False,1016339447531692032,2018-07-09 15:13:01
0,The Kansas City Star,False,True,False,False,1016342512884121600,2018-07-09 15:25:12
0,Crunchyroll @ Anime Expo 2018!!!!!!!!,True,False,False,False,1016343991158263809,2018-07-09 15:31:04
1,"Kansas City, MO",True,False,False,False,1016344056979427334,2018-07-09 15:31:20
2,Profound Music Theory Bot,True,False,False,False,1016344522945638400,2018-07-09 15:33:11
3,Kansas City Police,True,False,False,False,1016344780870246400,2018-07-09 15:34:13
4,The Kansas City Star,True,False,False,False,1016344979260702720,2018-07-09 15:35:00
5,"Kansas City, MO",True,False,False,False,1016345111402295296,2018-07-09 15:35:31
6,The Kansas City Star,True,False,False,False,1016345242646274051,2018-07-09 15:36:03
7,Kansas City Police,False,True,True,False,1016345741202214916,2018-07-09 15:38:02
8,Kansas City Police,False,True,False,False,1016346000179499008,2018-07-09 15:39:03
9,Is this a REAPER Blog ?,True,False,False,False,1016346501532999680,2018-07-09 15:41:03
0,The Kansas City Star,True,False,False,False,1016348251388305410,2018-07-09 15:48:00
1,KCMO Public Library,False,True,False,False,1016348327267504130,2018-07-09 15:48:18
2,The Kansas City Star,True,False,False,False,1016349275679285250,2018-07-09 15:52:04
3,The Kansas City Star,True,False,False,False,1016350270043942912,2018-07-09 15:56:01
4,The Kansas City Star,True,False,False,False,1016350774195040256,2018-07-09 15:58:02
5,The Kansas City Star,True,False,False,False,1016351279524786177,2018-07-09 16:00:02
6,Anime News Network,True,False,False,False,1016351310692614144,2018-07-09 16:00:10
7,Native Instruments,True,False,False,False,1016351324923944960,2018-07-09 16:00:13
8,Crunchyroll @ Anime Expo 2018!!!!!!!!,True,False,False,False,1016351521938628608,2018-07-09 16:01:00
9,Plugin Deals,True,False,False,False,1016351532332314625,2018-07-09 16:01:02
10,Anime News Network,True,False,False,False,1016351535503167488,2018-07-09 16:01:03
0,The Kansas City Star,True,False,False,False,1016351773970141184,2018-07-09 16:02:00
1,The Kansas City Star,True,False,False,False,1016351780232482822,2018-07-09 16:02:01
2,Plugin Deals,True,False,False,False,1016351780849045505,2018-07-09 16:02:02
3,Anime News Network,True,False,False,False,1016352038869979136,2018-07-09 16:03:03
4,The Kansas City Star,True,False,False,False,1016352285260238848,2018-07-09 16:04:02
5,Spitfire Audio,True,False,False,False,1016352312019824640,2018-07-09 16:04:08
6,The Kansas City Star,False,True,False,False,1016352437807050752,2018-07-09 16:04:38
7,The Kansas City Star,True,False,False,False,1016352788928978947,2018-07-09 16:06:02
8,The Kansas City Star,False,True,False,False,1016352940750237696,2018-07-09 16:06:38
9,The Kansas City Star,True,False,False,False,1016353292027355137,2018-07-09 16:08:02
10,Calvin and Hobbes,True,False,False,False,1016353298650206208,2018-07-09 16:08:03
11,KCMO Public Library,True,False,True,False,1016353317277044736,2018-07-09 16:08:08
12,The Kansas City Star,True,False,False,False,1016353792600702978,2018-07-09 16:10:01
13,Your EDM,False,True,False,False,1016353927162281984,2018-07-09 16:10:33
14,The Kansas City Star,True,False,False,False,1016354301957017600,2018-07-09 16:12:03
15,The Kansas City Star,True,False,False,False,1016354793260908544,2018-07-09 16:14:00
16,The Kansas City Star,True,False,False,False,1016354800907243523,2018-07-09 16:14:02
17,Calvin and Hobbes,True,False,False,False,1016354865386172416,2018-07-09 16:14:17
18,The Kansas City Star,True,False,False,False,1016355302390878208,2018-07-09 16:16:01
0,Living Downtown KC,True,False,False,False,1016355462479007745,2018-07-09 16:16:39
1,CASHFORGOLDüïØ,True,False,False,False,1016355762371784705,2018-07-09 16:17:51
2,The Kansas City Star,True,False,False,False,1016355806084784133,2018-07-09 16:18:01
3,The Kansas City Star,True,False,False,False,1016356309631979520,2018-07-09 16:20:01
4,Plugin Deals,True,False,False,False,1016356563332816896,2018-07-09 16:21:02
5,Plugin Deals,True,False,False,False,1016356813254680578,2018-07-09 16:22:01
6,The Kansas City Star,True,False,False,False,1016357821825404929,2018-07-09 16:26:02
7,The Kansas City Star,False,True,False,False,1016358098087407618,2018-07-09 16:27:08
8,The Kansas City Star,False,True,False,False,1016358666843361280,2018-07-09 16:29:23
9,Crunchyroll,True,False,False,False,1016358705284014080,2018-07-09 16:29:33
